GEOID,total_pop,total_crimes,crime_rate,violent_crimes,violent_rate,property_crimes,property_rate,other_crimes,other_rate,low_population,rate_reliable
42101000101,1879,9694,515912.7195316658,652,34699.30814262906,4045,215274.08195848853,4997,265939.3294305481,False,True
42101000102,2988,6004,200937.08165997325,172,5756.358768406962,2990,100066.9344042838,2842,95113.78848728247,False,True
42101000200,3175,12555,395433.0708661417,869,27370.07874015748,4464,140598.4251968504,7222,227464.56692913384,False,True
42101000300,3586,13880,387060.7919687674,738,20580.033463469048,5736,159955.38204127163,7406,206525.37646402678,False,True
42101000401,2577,6527,253279.006596818,377,14629.41404734187,3187,123670.93519596431,2963,114978.65735351182,False,True
42101000403,775,18014,2324387.0967741935,1371,176903.2258064516,4183,539741.935483871,12460,1607741.935483871,False,True
42101000404,3383,11311,334348.2116464676,540,15962.163759976353,5697,168400.8276677505,5074,149985.22021874075,False,True
42101000500,2826,41583,1471443.736730361,2350,83156.40481245576,21615,764861.9957537155,17618,623425.3361641896,False,True
42101000600,1312,13130,1000762.1951219513,881,67149.39024390244,6157,469283.53658536583,6092,464329.26829268294,False,True
42101000701,1665,17589,1056396.3963963964,888,53333.333333333336,11354,681921.9219219219,5347,321141.1411411412,False,True
42101000702,2114,3396,160643.33017975403,200,9460.73793755913,1866,88268.68495742668,1330,62913.90728476821,False,True
42101000801,1631,1309,80257.51072961373,73,4475.781729000613,710,43531.57572041692,526,32250.1532801962,False,True
42101000803,2921,3919,134166.381376241,191,6538.856555973982,2061,70558.02807257789,1667,57069.496747689154,False,True
42101000805,2642,3460,130961.39288417865,191,7229.371688115065,2144,81150.64345193036,1125,42581.37774413323,False,True
42101000806,2149,4875,226849.69753373662,312,14518.380642159143,2718,126477.43136342484,1845,85853.88552815263,False,True
42101000901,1976,12120,613360.3238866397,894,45242.914979757086,4093,207135.62753036438,7133,360981.78137651825,False,True
42101000902,2764,3430,124095.51374819104,203,7344.428364688857,1845,66751.08538350217,1382,50000.0,False,True
42101001001,2816,4459,158345.17045454547,182,6463.068181818182,2014,71519.88636363637,2263,80362.21590909091,False,True
42101001002,3158,12224,387080.4306523116,576,18239.39202026599,4106,130018.99936668777,7542,238822.0392653578,False,True
42101001101,4072,6415,157539.29273084478,443,10879.17485265226,2517,61812.37721021611,3455,84847.74066797642,False,True
42101001102,2532,4550,179699.8420221169,298,11769.352290679306,1903,75157.97788309638,2349,92772.51184834124,False,True
42101001201,4085,4483,109742.96205630354,246,6022.03182374541,2686,65752.75397796818,1551,37968.17625458996,False,True
42101001203,1827,1505,82375.47892720306,104,5692.391899288451,800,43787.62999452654,601,32895.45703338807,False,True
42101001204,3156,4582,145183.77693282635,322,10202.788339670467,2421,76711.02661596957,1839,58269.961977186314,False,True
42101001301,1672,2909,173983.25358851673,151,9031.1004784689,1412,84449.76076555024,1346,80502.39234449761,False,True
42101001302,5213,4951,94974.10320352964,329,6311.145213888356,2453,47055.43832725877,2169,41607.5196623825,False,True
42101001400,4100,5486,133804.8780487805,449,10951.219512195123,2637,64317.07317073171,2400,58536.58536585366,False,True
42101001500,3260,4608,141349.69325153375,362,11104.294478527607,1978,60674.84662576688,2268,69570.55214723926,False,True
42101001600,2481,4030,162434.50221684805,246,9915.356711003627,1938,78113.6638452237,1846,74405.48166062072,False,True
42101001700,3039,3410,112207.96314577163,275,9049.029285949326,1341,44126.357354392894,1794,59032.57650542941,False,True
42101001800,3081,4195,136157.09185329438,300,9737.098344693282,1898,61603.375527426164,1997,64816.61798117494,False,True
42101001900,3995,8576,214668.33541927408,499,12490.61326658323,4133,103454.31789737171,3944,98723.40425531915,False,True
42101002000,1882,5586,296811.9022316684,522,27736.45058448459,1626,86397.44952178533,3438,182678.00212539852,False,True
42101002100,2321,7323,315510.555794916,523,22533.390779836278,1591,68548.03963808704,5209,224429.12537699268,False,True
42101002200,2669,7908,296290.7455976021,628,23529.41176470588,2014,75458.9733982765,5266,197302.3604346197,False,True
42101002300,2977,4139,139032.58313738662,324,10883.439704400404,1560,52401.74672489083,2255,75747.39670809539,False,True
42101002400,4892,9070,185404.74243663123,843,17232.215862632867,3689,75408.83074407195,4538,92763.69582992641,False,True
42101002500,4199,5257,125196.47535127412,396,9430.816861157418,1798,42819.718980709695,3063,72945.93950940699,False,True
42101002701,4098,5120,124938.99463152757,505,12323.084431429967,1494,36456.80819912152,3121,76159.10200097608,False,True
42101002702,4300,5204,121023.25581395348,345,8023.255813953488,2152,50046.51162790698,2707,62953.48837209302,False,True
42101002801,4452,5846,131311.7699910153,669,15026.954177897574,1892,42497.753818508536,3285,73787.06199460916,False,True
42101002802,5772,7010,121448.37144837144,707,12248.787248787248,2632,45599.4455994456,3671,63600.1386001386,False,True
42101002900,3762,6563,174455.07708665603,503,13370.547581073897,2991,79505.58213716108,3069,81578.94736842105,False,True
42101003001,3722,5259,141295.00268672756,716,19236.96937130575,1691,45432.5631380978,2852,76625.47017732402,False,True
42101003002,2961,5913,199696.04863221882,591,19959.473150962513,1632,55116.514690982774,3690,124620.06079027355,False,True
42101003100,4575,13082,285945.35519125685,1185,25901.639344262294,3082,67366.12021857924,8815,192677.59562841532,False,True
42101003200,4100,15064,367414.6341463415,1505,36707.31707317073,2882,70292.68292682926,10677,260414.63414634144,False,True
42101003300,6417,20348,317095.21583294374,2090,32569.736637057817,4575,71294.99766245909,13683,213230.48153342685,False,True
42101003600,7109,14704,206836.40455760303,1779,25024.616683077787,3410,47967.365311576876,9515,133844.42256294837,False,True
42101003701,5617,13239,235695.21096670823,1505,26793.662097204913,2580,45931.99216663699,9154,162969.5567028663,False,True
42101003702,3922,5429,138424.2733299337,519,13233.044365119837,1535,39138.194798572156,3375,86053.03416624172,False,True
42101003800,3912,13646,348824.1308793456,707,18072.597137014316,7698,196779.14110429448,5241,133972.3926380368,False,True
42101003901,6429,10343,160880.38575206097,872,13563.54020843055,3399,52869.808679421374,6072,94447.03686420906,False,True
42101003902,5682,5728,100809.57409362901,323,5684.618092221049,1965,34582.893347412886,3440,60542.062653995075,False,True
42101004001,4037,8716,215902.89819172653,869,21525.885558583104,3102,76839.23705722071,4745,117537.77557592271,False,True
42101004002,5247,6938,132227.93977510958,659,12559.55784257671,2070,39451.11492281304,4209,80217.26700971984,False,True
42101004101,4952,13413,270860.2584814217,1459,29462.843295638126,2711,54745.55735056543,9243,186651.8578352181,False,True
42101004103,5244,7113,135640.73226544622,782,14912.280701754386,1636,31197.55911517925,4695,89530.89244851259,False,True
42101004104,4212,5620,133428.30009496675,602,14292.49762583096,1532,36372.26970560304,3486,82763.53276353277,False,True
42101004201,5374,6577,122385.56010420543,503,9359.88090807592,2015,37495.34797171567,4059,75530.33122441385,False,True
42101004202,5763,7833,135918.79229567933,631,10949.15842443172,3039,52732.95158771473,4163,72236.68228353288,False,True
42101005400,1552,2164,139432.98969072165,144,9278.350515463917,999,64368.55670103093,1021,65786.0824742268,False,True
42101005500,6172,6156,99740.76474400518,584,9462.08684381076,2182,35353.20803629294,3390,54925.46986390149,False,True
42101005600,1239,2975,240112.99435028248,333,26876.513317191282,1113,89830.50847457627,1529,123405.97255851493,False,True
42101006000,6370,10360,162637.36263736265,1065,16718.995290423863,3439,53987.44113029828,5856,91930.92621664051,False,True
42101006100,2776,4733,170497.1181556196,457,16462.536023054756,1835,66102.30547550431,2441,87932.27665706052,False,True
42101006200,4672,12513,267829.6232876712,1443,30886.1301369863,2738,58604.45205479452,8332,178339.0410958904,False,True
42101006300,4599,13201,287040.66101326374,1469,31941.726462274404,3308,71928.68014785822,8424,183170.2544031311,False,True
42101006400,4801,10743,223765.8821078942,1140,23745.0531139346,2604,54238.70027077692,6999,145782.1287231827,False,True
42101006500,3867,10309,266589.0871476597,1285,33229.89397465736,2301,59503.49107835532,6723,173855.70209464701,False,True
42101006600,3370,19136,567833.8278931751,1873,55578.6350148368,4222,125281.89910979228,13041,386973.29376854596,False,True
42101006700,7215,20878,289369.3693693694,2200,30492.03049203049,4862,67387.38738738738,13816,191489.9514899515,False,True
42101007000,3598,9209,255947.74874930514,1060,29460.811561978877,2133,59282.934963868815,6016,167204.00222345747,False,True
42101007101,2710,10016,369594.0959409594,1015,37453.87453874538,1638,60442.804428044285,7363,271697.4169741698,False,True
42101007102,4476,12635,282283.28865058086,1380,30831.099195710452,2644,59070.59874888293,8611,192381.59070598747,False,True
42101007200,4578,11428,249628.65880297072,1367,29860.200961118393,2570,56138.05155089559,7491,163630.40629095674,False,True
42101007300,3146,8465,269071.8372536554,945,30038.14367450731,2407,76509.85378258105,5113,162523.83979656707,False,True
42101007400,4506,10811,239924.54505104304,1363,30248.557478917,2324,51575.67687527741,7124,158100.31069684864,False,True
42101007700,1946,2507,128828.3658787256,215,11048.30421377184,1035,53186.02261048304,1257,64594.03905447071,False,True
42101007800,4066,5335,131210.03443187405,596,14658.140678799802,2558,62911.95277914412,2181,53639.940973930155,False,True
42101007900,4044,5362,132591.49357072206,627,15504.451038575668,2462,60880.316518298714,2273,56206.72601384768,False,True
42101008000,3900,9380,240512.8205128205,1050,26923.076923076922,2176,55794.87179487179,6154,157794.87179487178,False,True
42101008101,3258,6946,213198.28115408227,877,26918.354818907304,1704,52302.02578268877,4365,133977.9005524862,False,True
42101008102,4786,9027,188612.62014208105,1118,23359.7994149603,1988,41537.81863769327,5921,123715.0020894275,False,True
42101008200,6202,12210,196871.97678168333,1417,22847.46855852951,2921,47097.71041599484,7872,126926.79780715899,False,True
42101008301,4751,9041,190296.77962534205,1147,24142.285834561146,2278,47947.800463060405,5616,118206.69332772047,False,True
42101008302,4586,15295,333515.0457915395,1731,37745.31181857828,2647,57719.1452245966,10917,238050.5887483646,False,True
42101008400,4864,17247,354584.7039473684,1795,36903.78289473684,4452,91529.6052631579,11000,226151.31578947368,False,True
42101008500,6272,20500,326849.48979591834,2487,39652.42346938775,4509,71890.94387755102,13504,215306.1224489796,False,True
42101008601,3355,4098,122146.05067064083,437,13025.335320417289,1905,56780.92399403875,1756,52339.791356184796,False,True
42101008602,3126,10103,323192.57837492,1111,35540.6269993602,3470,111004.4785668586,5522,176647.47280870122,False,True
42101008701,3318,5169,155786.6184448463,452,13622.664255575648,2869,86467.75165762508,1848,55696.20253164557,False,True
42101008702,2601,4701,180738.17762399078,319,12264.513648596694,2767,106382.16070742022,1615,62091.50326797386,False,True
42101008801,2073,3590,173178.96767969127,183,8827.785817655571,2049,98842.25759768451,1358,65508.92426435119,False,True
42101008802,5956,8416,141302.88784419073,548,9200.805910006717,4142,69543.31766286098,3726,62558.76427132303,False,True
42101009000,6405,6835,106713.50507416081,430,6713.505074160812,3636,56768.149882903985,2769,43231.85011709602,False,True
42101009100,2722,6919,254188.09698750917,579,21271.12417340191,2847,104592.21160911093,3493,128324.76120499632,False,True
42101009200,3640,11355,311950.5494505495,1323,36346.153846153844,3184,87472.52747252748,6848,188131.86813186813,False,True
42101009300,4890,21264,434846.62576687115,1741,35603.27198364009,2884,58977.505112474435,16639,340265.8486707566,False,True
42101009400,3926,14315,364620.4788588895,1546,39378.502292409576,2068,52674.47784004076,10701,272567.49872643914,False,True
42101009500,2996,14889,496962.61682242993,1274,42523.36448598131,1937,64652.870493991984,11678,389786.3818424566,False,True
42101009600,4118,18727,454759.5920349685,1790,43467.702768334144,3047,73992.22923749393,13890,337299.66002914036,False,True
42101009801,2372,3830,161467.11635750422,365,15387.85834738617,935,39418.212478920745,2530,106661.0455311973,False,True
42101009802,5660,5457,96413.42756183745,456,8056.537102473499,1834,32402.826855123672,3167,55954.06360424028,False,True
42101010000,4972,8546,171882.54223652452,815,16391.794046661304,2288,46017.69911504425,5443,109473.04907481899,False,True
42101010100,6332,15558,245704.35881238154,1429,22567.909033480733,2830,44693.61970941251,11299,178442.83006948832,False,True
42101010200,3404,13481,396034.0775558167,1285,37749.7062279671,2687,78936.54524089306,9509,279347.82608695654,False,True
42101010300,2698,11625,430874.72201630834,1134,42031.134173461825,1579,58524.83320978502,8912,330318.75463306153,False,True
42101010400,3905,10003,256158.7708066581,1120,28681.177976952626,2393,61280.40973111396,6490,166197.18309859154,False,True
42101010500,4445,11645,261979.75253093362,1255,28233.97075365579,2348,52823.397075365574,8042,180922.38470191226,False,True
42101010600,1668,7141,428117.5059952038,473,28357.314148681056,1143,68525.17985611511,5525,331235.01199040766,False,True
42101010700,3821,18822,492593.56189479196,1716,44909.709500130855,2999,78487.30698769956,14107,369196.5454069615,False,True
42101010800,4178,13579,325011.96744854,1348,32264.241263762568,2681,64169.459071326,9550,228578.26711345138,False,True
42101010900,2749,5645,205347.39905420155,620,22553.655874863587,1489,54165.15096398691,3536,128628.59221535103,False,True
42101011000,3346,6703,200328.7507471608,922,27555.28989838613,1673,50000.0,4108,122773.46084877464,False,True
42101011100,3791,23235,612898.9712476919,2009,52993.93299920865,6488,171142.17884463203,14738,388762.85940385127,False,True
42101011200,5949,14555,244662.96856614557,1540,25886.70364767188,2657,44662.96856614557,10358,174113.29635232812,False,True
42101011300,3387,7864,232181.87186300562,850,25095.95512252731,1770,52258.63596102745,5244,154827.28077945084,False,True
42101011400,6907,16825,243593.45591428987,1646,23830.896192268712,3624,52468.51020703634,11555,167294.0495149848,False,True
42101011500,4358,5648,129600.73428178062,624,14318.4947223497,1269,29118.86186324002,3755,86163.37769619092,False,True
42101011700,1956,2130,108895.70552147238,166,8486.707566462168,822,42024.539877300616,1142,58384.45807770961,False,True
42101011800,5565,9913,178131.17699910153,938,16855.345911949684,2115,38005.390835579514,6860,123270.44025157232,False,True
42101011900,5213,9890,189718.01266065604,1047,20084.40437368118,2486,47688.47112986764,6357,121945.13715710724,False,True
42101012000,2132,1883,88320.82551594746,150,7035.647279549718,846,39681.05065666041,887,41604.12757973734,False,True
42101012100,3257,3037,93245.31777709548,224,6877.494626957323,1216,37334.97083205404,1597,49032.85231808412,False,True
42101012201,2765,2389,86401.44665461121,130,4701.627486437613,1092,39493.670886075946,1167,42206.14828209765,False,True
42101012203,791,3787,478761.0619469026,197,24905.183312262958,2224,281163.0847029077,1366,172692.79393173198,False,True
42101012204,3873,4130,106635.68293312678,364,9398.399173767106,1325,34211.20578363026,2441,63026.07797572941,False,True
42101012501,2182,4202,192575.6186984418,223,10219.981668194318,1690,77451.87901008248,2289,104903.75802016498,False,True
42101012502,3467,8892,256475.33890972022,377,10873.954427458899,4009,115633.11220074992,4506,129968.2722815114,False,True
42101013100,1752,4075,232591.32420091325,397,22659.817351598173,1075,61358.447488584476,2603,148573.0593607306,False,True
42101013200,2643,8566,324101.39992432843,679,25690.503216042376,2367,89557.32122587968,5520,208853.57548240636,False,True
42101013300,3130,10350,330670.9265175719,835,26677.316293929714,3860,123322.6837060703,5655,180670.92651757188,False,True
42101013401,2790,3136,112401.43369175628,121,4336.917562724015,2096,75125.44802867384,919,32939.06810035842,False,True
42101013402,2887,5343,185071.00796674748,336,11638.378940076203,2808,97263.5954277797,2199,76169.03359889158,False,True
42101013500,4019,6787,168872.85394376708,489,12167.205772580242,2963,73724.80716596168,3335,82980.84100522519,False,True
42101013601,2864,2377,82995.81005586592,112,3910.6145251396647,1349,47101.95530726257,916,31983.240223463687,False,True
42101013602,4031,3549,88042.6693128256,244,6053.0885636318535,1823,45224.51004713471,1482,36765.07070205904,False,True
42101013701,1498,3361,224365.82109479306,241,16088.117489986647,1582,105607.47663551402,1538,102670.2269692924,False,True
42101013702,3507,8326,237410.8925007129,815,23239.23581408611,2620,74707.72740233818,4891,139463.92928428858,False,True
42101013800,1645,7964,484133.7386018237,720,43768.99696048632,2538,154285.7142857143,4706,286079.02735562314,False,True
42101013900,1797,7928,441179.7440178074,769,42793.54479688369,2761,153644.9638286032,4398,244741.23539232052,False,True
42101014000,3869,17757,458955.8025329542,1580,40837.425691393124,5636,145670.7159472732,10541,272447.6608942879,False,True
42101014100,2674,10277,384330.5908750935,1140,42632.75991024682,3612,135078.5340314136,5525,206619.29693343307,False,True
42101014201,3735,5118,137028.1124497992,287,7684.0696117804555,3209,85917.00133868807,1622,43427.041499330655,False,True
42101014202,2399,6412,267278.03251354734,401,16715.298040850354,3729,155439.76656940393,2282,95122.96790329304,False,True
42101014300,2021,3714,183770.41068777832,181,8955.962394854032,2183,108015.83374567045,1350,66798.61454725383,False,True
42101014400,4648,11137,239608.43373493975,933,20073.149741824443,5527,118911.35972461273,4677,100623.92426850257,False,True
42101014500,1962,3939,200764.5259938838,439,22375.12742099898,1212,61773.700305810395,2288,116615.6982670744,False,True
42101014600,4208,6518,154895.43726235742,536,12737.642585551332,3123,74215.77946768061,2859,67942.01520912547,False,True
42101014700,2537,15753,620930.2325581396,1537,60583.36618052819,5243,206661.41111549074,8973,353685.4552621206,False,True
42101014800,722,4859,672991.6897506925,532,73684.21052631579,987,136703.60110803324,3340,462603.87811634346,False,True
42101014900,4091,13571,331728.18381813733,1685,41187.97360058665,2988,73038.37692495722,8898,217501.83329259348,False,True
42101015101,1929,4965,257387.2472783826,600,31104.19906687403,1086,56298.60031104199,3279,169984.44790046656,False,True
42101015102,4884,14062,287919.73791973793,1918,39271.08927108927,2973,60872.23587223587,9171,187776.41277641276,False,True
42101015200,5738,19450,338968.28163123043,2631,45852.213314743814,4150,72324.85186476124,12669,220791.21645172534,False,True
42101015300,3913,17816,455302.8366981855,1777,45412.72680807564,7175,183363.14847942753,8864,226526.96141068236,False,True
42101015600,1561,4404,282126.84176809737,400,25624.599615631007,1842,118001.2812299808,2162,138500.9609224856,False,True
42101015700,2556,7792,304851.3302034429,668,26134.585289514867,3258,127464.78873239437,3866,151251.95618153363,False,True
42101015800,7308,8386,114750.95785440612,468,6403.940886699508,3525,48234.81116584565,4393,60112.205801860975,False,True
42101016001,2330,6425,275751.0729613734,398,17081.545064377682,3056,131158.7982832618,2971,127510.72961373391,False,True
42101016002,4547,7406,162876.6219485375,489,10754.343523202111,3158,69452.38618869585,3759,82669.89223663954,False,True
42101016100,6255,15564,248824.94004796163,1193,19072.741806554754,6401,102334.13269384492,7970,127418.06554756194,False,True
42101016200,2315,5537,239179.2656587473,686,29632.82937365011,1566,67645.78833693304,3285,141900.64794816414,False,True
42101016300,3204,15544,485143.57053682895,1660,51810.237203495635,3488,108863.92009987516,10396,324469.4132334582,False,True
42101016400,4410,11192,253786.84807256237,1550,35147.39229024944,2044,46349.20634920635,7598,172290.24943310657,False,True
42101016500,3121,9687,310381.28804870235,1437,46042.93495674463,1947,62383.851329702025,6303,201954.50176225568,False,True
42101016600,1998,8225,411661.6616616617,861,43093.09309309309,3387,169519.51951951953,3977,199049.04904904906,False,True
42101016701,3319,11761,354353.7210003013,1390,41880.084362759866,1957,58963.543235914425,8414,253510.093401627,False,True
42101016702,2378,14835,623843.5660218671,1821,76576.95542472665,3533,148570.22708158116,9481,398696.3835155593,False,True
42101016800,2871,10590,368861.02403343783,1492,51967.955416231285,2227,77568.79136189481,6871,239324.27725531172,False,True
42101016901,3540,10889,307598.87005649717,1518,42881.35593220339,2596,73333.33333333333,6775,191384.18079096044,False,True
42101016902,2847,15882,557850.3688092729,2140,75166.84229012996,2889,101475.23709167546,10853,381208.2894274675,False,True
42101017000,3217,8407,261330.43207957724,791,24588.125582841156,3115,96829.34410941871,4501,139912.96238731738,False,True
42101017100,3240,13861,427808.64197530865,1621,50030.864197530864,3495,107870.37037037036,8745,269907.4074074074,False,True
42101017201,2576,10259,398253.10559006216,1380,53571.42857142857,1926,74767.08074534162,6953,269914.5962732919,False,True
42101017202,3681,10668,289812.5509372453,1466,39826.134202662324,1829,49687.58489540885,7373,200298.83183917412,False,True
42101017300,2547,16030,629367.8837848449,1994,78288.18217510797,4227,165959.95288574795,9809,385119.748723989,False,True
42101017400,2570,9419,366498.05447470816,1393,54202.33463035019,1950,75875.48638132296,6076,236420.23346303502,False,True
42101017500,6928,22076,318648.96073903004,3132,45207.85219399538,4072,58775.98152424942,14872,214665.12702078524,False,True
42101017601,4584,32295,704515.7068062827,2888,63001.745200698075,4473,97578.53403141361,24934,543935.427574171,False,True
42101017602,4220,20562,487251.18483412324,1604,38009.47867298578,1724,40853.080568720376,17234,408388.625592417,False,True
42101017701,3515,29625,842816.5007112377,3259,92716.92745376956,3590,102133.71266002844,22776,647965.8605974396,False,True
42101017702,4705,40170,853772.5823591923,3227,68586.609989373,4475,95111.58342189161,32468,690074.3889479277,False,True
42101017800,6408,24799,387000.6242197253,2922,45599.25093632959,4363,68086.76654182271,17514,273314.606741573,False,True
42101017900,6111,12375,202503.68188512517,1417,23187.694321714942,3293,53886.43429880543,7665,125429.55326460481,False,True
42101018001,2358,4613,195631.89143341815,341,14461.407972858353,1762,74724.34266327396,2510,106446.14079728583,False,True
42101018002,6276,6542,104238.36838750797,435,6931.166347992351,2408,38368.38750796686,3699,58938.814531548756,False,True
42101018300,4092,5336,130400.78201368524,344,8406.647116324535,2163,52859.23753665689,2829,69134.89736070382,False,True
42101018400,2377,3911,164535.1283129996,274,11527.135044173328,1359,57172.9070256626,2278,95835.08624316365,False,True
42101018801,3972,10533,265181.2688821752,1327,33408.862034239675,2418,60876.132930513595,6788,170896.27391742196,False,True
42101018802,4884,8923,182698.6076986077,1172,23996.723996723995,1872,38329.23832923833,5879,120372.64537264538,False,True
42101019000,7913,16038,202679.13559964614,1857,23467.711361051435,5184,65512.447870592696,8997,113698.97636800201,False,True
42101019100,8167,15857,194159.42206440552,1550,18978.817191135055,4701,57560.91588098445,9606,117619.68899228603,False,True
42101019200,8652,28986,335020.8044382802,3251,37575.12713823393,4463,51583.448913546,21272,245862.22838650024,False,True
42101019501,4617,13084,283387.48104829976,1541,33376.65150530648,2589,56075.37361923327,8954,193935.45592376002,False,True
42101019502,3955,10889,275322.37673830596,1316,33274.33628318584,2241,56662.45259165613,7332,185385.58786346397,False,True
42101019700,6778,15663,231085.8660371791,2011,29669.519032162876,3339,49262.319268220715,10313,152154.0277367955,False,True
42101019800,6631,13191,198929.27160307646,1924,29015.231488463276,2653,40009.048408988085,8614,129904.99170562509,False,True
42101019900,4811,12332,256329.24547911037,1530,31802.120141342755,2484,51631.67740594471,8318,172895.4479318229,False,True
42101020000,1420,7414,522112.676056338,867,61056.33802816901,3050,214788.7323943662,3497,246267.6056338028,False,True
42101020101,3196,15394,481664.5807259074,1946,60888.61076345432,4926,154130.16270337923,8522,266645.80725907383,False,True
42101020102,3508,12118,345438.9965792474,1601,45638.54047890536,2569,73232.61117445839,7948,226567.84492588372,False,True
42101020200,4529,14918,329388.385957165,1901,41973.945683373815,3824,84433.6498123206,9193,202980.79046147052,False,True
42101020300,3207,17588,548425.3196133458,2480,77330.83879014655,4417,137729.96570003117,10691,333364.51512316806,False,True
42101020400,3127,10629,339910.45730732335,1477,47233.770386952354,2385,76271.18644067796,6767,216405.50047969297,False,True
42101020500,2210,9934,449502.2624434389,1064,48144.7963800905,2528,114389.1402714932,6342,286968.3257918552,False,True
42101020600,1770,2444,138079.09604519774,142,8022.598870056497,1328,75028.24858757062,974,55028.24858757062,False,True
42101020701,4130,4386,106198.54721549638,281,6803.874092009684,1952,47263.92251815981,2153,52130.75060532688,False,True
42101020702,1781,2606,146322.2908478383,124,6962.380685008422,1377,77316.11454239191,1105,62043.79562043796,False,True
42101020800,2432,1604,65953.94736842105,75,3083.8815789473683,850,34950.65789473684,679,27919.407894736843,False,True
42101020900,3058,3127,102256.37671680836,154,5035.971223021583,1368,44735.1209941138,1605,52485.28449967299,False,True
42101021000,5401,7080,131086.8357711535,336,6221.070172190335,3007,55674.87502314387,3737,69190.8905758193,False,True
42101021100,2419,2425,100248.03637866888,152,6283.58825961141,858,35469.20214964861,1415,58495.24596940885,False,True
42101021200,2683,4918,183302.27357435707,257,9578.829668281775,1844,68729.03466269102,2817,104994.40924338427,False,True
42101021300,3319,3625,109219.64447122627,208,6266.947875866224,1367,41187.10454956312,2050,61765.592045796926,False,True
42101021400,3779,5520,146070.38899179676,297,7859.222016406457,2328,61603.59883567081,2895,76607.5681397195,False,True
42101021500,3903,3760,96336.15167819626,145,3715.0909556751217,1563,40046.11837048424,2052,52574.94235203689,False,True
42101021600,2394,2479,103550.54302422724,121,5054.3024227234755,1011,42230.576441102756,1347,56265.66416040101,False,True
42101021700,5943,7184,120881.70957428908,348,5855.62847046946,2559,43059.061080262494,4277,71967.02002355712,False,True
42101021800,5032,2263,44972.17806041335,99,1967.408585055644,993,19733.704292527822,1171,23271.06518282989,False,True
42101021900,1445,1355,93771.62629757787,58,4013.8408304498266,430,29757.78546712803,867,60000.0,False,True
42101022000,1474,952,64586.16010854816,28,1899.5929443690638,354,24016.282225237446,570,38670.28493894166,False,True
42101023100,1286,877,68195.9564541213,12,933.1259720062209,579,45023.328149300156,286,22239.502332814933,False,True
42101023500,1358,680,50073.63770250368,19,1399.116347569956,413,30412.371134020617,248,18262.150220913107,False,True
42101023600,2344,2495,106441.97952218431,171,7295.221843003414,1150,49061.43344709898,1174,50085.324232081904,False,True
42101023700,4669,5366,114928.25016063396,363,7774.684086528165,2274,48704.21931891197,2729,58449.34675519383,False,True
42101023800,4744,6702,141273.18718381113,466,9822.934232715008,2559,53941.821247892076,3677,77508.43170320406,False,True
42101023900,1594,1977,124027.60351317441,114,7151.819322459222,982,61606.0225846926,881,55269.761606022585,False,True
42101024000,3667,7920,215980.36542132535,751,20479.956367602943,3186,86883.01063539679,3983,108617.39841832561,False,True
42101024100,1415,7674,542332.1554770318,696,49187.27915194346,3475,245583.03886925796,3503,247561.8374558304,False,True
42101024200,4077,10135,248589.6492519009,1199,29408.87907775325,2788,68383.61540348295,6148,150797.1547706647,False,True
42101024300,4020,5727,142462.6865671642,558,13880.597014925372,2071,51517.41293532338,3098,77064.67661691541,False,True
42101024400,3453,6945,201129.4526498697,854,24732.116999710397,1556,45062.26469736461,4535,131335.07095279466,False,True
42101024500,4344,14108,324769.7974217311,1575,36256.90607734807,3254,74907.91896869245,9279,213604.97237569062,False,True
42101024600,2722,14613,536847.9059515063,1548,56869.94856722998,3284,120646.58339456283,9781,359331.37398971344,False,True
42101024700,3798,14202,373933.64928909956,1427,37572.4065297525,3608,94997.36703528173,9167,241363.8757240653,False,True
42101024800,2360,6423,272161.0169491525,628,26610.169491525427,1433,60720.338983050846,4362,184830.50847457626,False,True
42101024900,2529,8164,322815.3420324239,949,37524.713325425066,1544,61051.79913009094,5671,224238.82957690785,False,True
42101025200,8502,14440,169842.39002587626,1471,17301.811338508585,3652,42954.59891790167,9317,109585.97976946601,False,True
42101025300,4968,7932,159661.83574879228,799,16082.9307568438,1743,35084.54106280193,5390,108494.36392914654,False,True
42101025400,4410,4355,98752.83446712018,360,8163.265306122448,1443,32721.088435374153,2552,57868.48072562358,False,True
42101025500,2775,3461,124720.72072072071,266,9585.585585585586,1420,51171.17117117117,1775,63963.963963963964,False,True
42101025600,2817,2954,104863.32978345758,187,6638.267660631877,1328,47142.35001774938,1439,51082.71210507632,False,True
42101025700,3997,3089,77282.96222166625,170,4253.189892419315,1573,39354.515886915186,1346,33675.256442331745,False,True
42101025800,1789,1950,108999.44102850754,179,10005.58971492454,640,35774.17551704863,1131,63219.67579653438,False,True
42101025900,4400,5148,117000.0,503,11431.818181818182,1607,36522.72727272727,3038,69045.45454545454,False,True
42101026000,3206,3628,113162.81971303806,333,10386.774797255146,888,27698.066126013728,2407,75077.97878976919,False,True
42101026100,3263,3757,115139.4422310757,391,11982.837879252222,1114,34140.36163040147,2252,69016.24272142201,False,True
42101026200,3792,4064,107172.99578059072,381,10047.468354430379,1066,28111.81434599156,2617,69013.71308016877,False,True
42101026301,3772,3949,104692.47083775185,385,10206.786850477201,906,24019.088016967125,2658,70466.59597030754,False,True
42101026302,4629,9374,202505.94080794987,1001,21624.54093756751,2561,55325.1242168935,5812,125556.27565348888,False,True
42101026400,5728,8838,154294.69273743016,885,15450.418994413409,2107,36784.21787709497,5846,102060.0558659218,False,True
42101026500,5217,7466,143109.06651332183,832,15947.862756373395,1791,34330.07475560667,4843,92831.12900134177,False,True
42101026600,6645,9997,150443.94281414596,1110,16704.28893905192,2854,42949.58615500376,6033,90790.0677200903,False,True
42101026700,7298,10931,149780.76185256234,1303,17854.20663195396,2470,33844.88901068786,7158,98081.66620992053,False,True
42101026800,4408,7299,165585.2994555354,845,19169.691470054444,2510,56941.92377495463,3944,89473.68421052632,False,True
42101026900,2268,2987,131701.94003527338,314,13844.797178130511,1185,52248.677248677246,1488,65608.4656084656,False,True
42101027000,2668,3472,130134.93253373314,347,13005.99700149925,1294,48500.7496251874,1831,68628.18590704649,False,True
42101027100,2786,2469,88621.67982770997,294,10552.763819095477,804,28858.578607322328,1371,49210.33740129218,False,True
42101027200,4746,4676,98525.07374631269,450,9481.668773704172,1682,35440.370838600924,2544,53603.03413400759,False,True
42101027300,5598,9310,166309.39621293318,1084,19364.058592354413,3224,57591.99714183637,5002,89353.34047874241,False,True
42101027401,2798,5290,189063.61686919228,717,25625.44674767691,1308,46747.67691208005,3265,116690.49320943531,False,True
42101027402,7739,8164,105491.66558986949,980,12663.13477193436,1893,24460.52461558341,5291,68368.00620235172,False,True
42101027500,4801,9246,192584.87815038534,1111,23141.012289106435,2556,53238.90856071651,5579,116204.95730056237,False,True
42101027600,4347,8480,195077.06464228203,987,22705.314009661837,2450,56360.708534621575,5043,116011.04209799862,False,True
42101027700,4935,10346,209645.390070922,1152,23343.465045592704,2126,43080.040526849036,7068,143221.88449848024,False,True
42101027800,4473,19199,429219.76302257995,1854,41448.6921529175,3822,85446.00938967137,13523,302325.06147999107,False,True
42101027901,3806,7119,187046.76826064108,832,21860.22070415134,1504,39516.5528113505,4783,125669.99474513925,False,True
42101027902,4557,5521,121154.26815887644,608,13342.111037963572,1722,37788.01843317972,3191,70024.13868773317,False,True
42101028000,4132,11401,275919.65150048403,1464,35430.78412391094,2176,52662.1490803485,7761,187826.7182962246,False,True
42101028100,4738,10516,221950.18995356694,1371,28936.26002532714,2665,56247.361756015205,6480,136766.56817222456,False,True
42101028200,4484,15156,338001.7841213203,1740,38804.63871543265,4335,96677.0740410348,9081,202520.0713648528,False,True
42101028300,7386,14879,201448.68670457622,1838,24884.91741131871,3071,41578.66233414568,9970,134985.10695911184,False,True
42101028400,3598,7695,213868.81600889383,1001,27821.011673151752,1713,47609.78321289605,4981,138438.02112284602,False,True
42101028500,2877,7332,254848.8008342023,993,34515.11991657977,1672,58116.0931525895,4667,162217.587765033,False,True
42101028600,6515,13171,202164.2363775902,1642,25203.376822716804,3090,47429.00997697621,8439,129531.84957789716,False,True
42101028700,2784,8244,296120.6896551724,1122,40301.724137931036,2854,102514.36781609195,4268,153304.5977011494,False,True
42101028800,5001,11371,227374.525094981,1568,31353.72925414917,3053,61047.79044191162,6750,134973.0053989202,False,True
42101028901,4578,8651,188968.98208824816,1023,22346.00262123198,2677,58475.31673219747,4951,108147.6627348187,False,True
42101028902,6906,9591,138879.235447437,1235,17883.000289603242,2781,40269.331016507385,5575,80726.90414132638,False,True
42101029000,8010,8061,100636.7041198502,1065,13295.880149812734,2736,34157.30337078652,4260,53183.520599250936,False,True
42101029100,4824,12656,262354.89220563846,1484,30762.852404643447,4896,101492.53731343284,6276,130099.50248756219,False,True
42101029200,4881,7449,152612.1696373694,861,17639.827904118007,3026,61995.49272690022,3562,72976.84900635116,False,True
42101029300,3048,12531,411122.0472440944,1526,50065.61679790026,3504,114960.62992125984,7501,246095.80052493437,False,True
42101029400,3811,7318,192023.09105221726,915,24009.44633954343,2358,61873.52400944634,4045,106140.1207032275,False,True
42101029800,5303,12457,234904.77088440506,1307,24646.426551008863,5177,97623.98642277956,5973,112634.35791061663,False,True
42101029900,4531,9571,211233.7232399029,1276,28161.55374089605,2223,49062.01721474288,6072,134010.15228426395,False,True
42101030000,7376,27265,369644.7939262473,3358,45526.03036876356,5313,72030.91106290671,18594,252087.852494577,False,True
42101030100,6225,13637,219068.27309236946,1777,28546.18473895582,3498,56192.77108433734,8362,134329.3172690763,False,True
42101030200,8835,26272,297362.76174306736,2967,33582.34295415959,5528,62569.32654216185,17777,201211.09224674592,False,True
42101030501,5348,5469,102262.52804786837,528,9872.84966342558,1775,33189.97756170531,3166,59199.70082273747,False,True
42101030502,7702,10256,133160.2181251623,981,12736.951441184108,2776,36042.58634121007,6499,84380.68034276812,False,True
42101030600,6851,8952,130667.05590424757,744,10859.72850678733,3375,49262.881331192526,4833,70544.4460662677,False,True
42101030700,4421,5497,124338.38498077358,339,7667.948427957476,2476,56005.428636055185,2682,60665.007916760915,False,True
42101030800,5727,4013,70071.59071066877,297,5185.961236249345,1557,27187.00890518596,2159,37698.620569233455,False,True
42101030900,4753,6477,136271.82831895645,590,12413.212707763518,2511,52829.79171049863,3376,71028.82390069429,False,True
42101031000,7529,10032,133244.78682427944,908,12060.03453313853,3134,41625.71390622925,5990,79559.03838491168,False,True
42101031101,4967,7659,154197.70485202337,842,16951.88242399839,2164,43567.54580229515,4653,93678.27662572982,False,True
42101031102,4709,9075,192716.07559991506,920,19537.056699936293,2621,55659.37566362284,5534,117519.64323635591,False,True
42101031200,5146,4104,79751.26311698406,378,7345.511076564322,1303,25320.63738826273,2423,47085.11465215702,False,True
42101031300,7692,9975,129680.1872074883,929,12077.483099323972,3001,39014.5605824233,6045,78588.14352574103,False,True
42101031401,7691,9042,117565.98621765699,987,12833.18164087895,2794,36328.175789884284,5261,68404.62878689378,False,True
42101031402,6158,4597,74650.86066904839,417,6771.679116596298,1410,22897.0444949659,2770,44982.1370574862,False,True
42101031501,7134,7779,109041.2111017662,694,9728.062797869357,2937,41169.04962153069,4148,58144.09868236613,False,True
42101031502,3758,6916,184034.06067056945,535,14236.295902075572,2740,72911.12293773284,3641,96886.64183076104,False,True
42101031600,6553,11795,179993.8959255303,925,14115.672211200977,5388,82221.88310697391,5482,83656.3406073554,False,True
42101031700,5200,9655,185673.07692307694,845,16250.0,2834,54500.00000000001,5976,114923.07692307692,False,True
42101031800,4305,6544,152009.29152148662,769,17862.95005807201,2183,50708.47851335656,3592,83437.86295005807,False,True
42101031900,5562,8072,145127.65192376843,793,14257.461344839987,2851,51258.540093491545,4428,79611.6504854369,False,True
42101032000,7941,9735,122591.61314695881,886,11157.284976703186,3624,45636.56970154892,5225,65797.75846870671,False,True
42101032100,3686,8060,218665.21975040695,855,23195.876288659794,2510,68095.49647314161,4695,127373.84698860554,False,True
42101032300,3809,8011,210317.66867944342,825,21659.228143869783,2880,75610.39642950906,4306,113048.0441060646,False,True
42101032500,5943,13341,224482.5845532559,1351,22732.626619552415,4193,70553.59246171967,7797,131196.36547198385,False,True
42101032600,7862,9356,119002.79827016027,823,10468.074281353345,3223,40994.65784787586,5310,67540.06614093107,False,True
42101032900,3695,7337,198565.6292286874,620,16779.431664411368,2911,78782.13802435723,3806,103004.0595399188,False,True
42101033000,9169,12217,133242.4473770313,1281,13970.989202748391,4073,44421.42000218126,6863,74850.03817210165,False,True
42101033101,5476,8667,158272.46165084004,876,15997.078159240322,2813,51369.612856099346,4978,90905.77063550036,False,True
42101033102,3849,5803,150766.43283969862,553,14367.368147570796,1949,50636.52896856327,3301,85762.53572356456,False,True
42101033200,2951,7268,246289.3934259573,669,22670.281260589632,1756,59505.25245679431,4843,164113.85970857338,False,True
42101033300,3985,4235,106273.52572145546,333,8356.336260978669,1736,43563.3626097867,2166,54353.82685069009,False,True
42101033400,5551,13724,247234.7324806341,753,13565.123401188976,8252,148657.8994775716,4719,85011.70960187353,False,True
42101033500,3801,10327,271691.66008945013,793,20862.93080768219,4292,112917.65324914496,5242,137911.076032623,False,True
42101033600,7028,7561,107583.94991462721,497,7071.713147410359,3201,45546.385885031304,3863,54965.85088218554,False,True
42101033701,7661,5338,69677.58778227385,327,4268.372275159901,2490,32502.28429708915,2521,32906.931210024806,False,True
42101033702,4359,4427,101559.9908235834,222,5092.911218169304,1908,43771.50722642808,2297,52695.57237898601,False,True
42101033800,6858,9066,132195.97550306213,690,10061.24234470691,2868,41819.77252843395,5508,80314.96062992126,False,True
42101033900,2893,3812,131766.33252678878,186,6429.312132734186,1850,63947.45938472174,1776,61389.56100933287,False,True
42101034000,3055,1426,46677.57774140753,61,1996.7266775777416,566,18527.004909983632,799,26153.846153846156,False,True
42101034100,5310,7071,133163.8418079096,337,6346.516007532957,2540,47834.27495291902,4194,78983.05084745762,False,True
42101034200,3648,1799,49314.692982456145,59,1617.324561403509,794,21765.35087719298,946,25932.01754385965,False,True
42101034400,8083,4473,55338.36446863788,173,2140.294445131758,1816,22466.905851787702,2484,30731.16417171842,False,True
42101034501,4852,1911,39385.820280296786,105,2164.056059356966,890,18342.95136026381,916,18878.812860676007,False,True
42101034502,5427,4686,86346.04754007739,261,4809.286898839138,1940,35747.189976045694,2485,45789.57066519256,False,True
42101034600,2617,7697,294115.39931218955,521,19908.291937332822,4062,155215.89606419564,3114,118991.21131066106,False,True
42101034701,7314,4751,64957.61553185672,292,3992.343450916051,1736,23735.302160240633,2723,37229.96992070003,False,True
42101034702,3493,2529,72401.94675064414,154,4408.817635270541,981,28084.740910392215,1394,39908.38820498139,False,True
42101034801,4739,5283,111479.21502426673,343,7237.81388478582,2342,49419.708799324755,2598,54821.69234015615,False,True
42101034802,5765,3793,65793.58196010407,239,4145.70685169124,1339,23226.366001734605,2215,38421.50910667823,False,True
42101034803,3854,3961,102776.33627400105,220,5708.354955889985,1636,42449.40321743643,2105,54618.57810067462,False,True
42101034900,4959,8028,161887.47731397458,613,12361.363178060094,3325,67049.80842911877,4090,82476.30570679573,False,True
42101035100,4040,2559,63341.58415841584,120,2970.29702970297,921,22797.029702970296,1518,37574.25742574257,False,True
42101035200,4733,2430,51341.64377773083,85,1795.9011197971688,1032,21804.35241918445,1313,27741.39023874921,False,True
42101035301,5487,4985,90851.10260616001,291,5303.444505194095,1722,31383.26954620011,2972,54164.38855476581,False,True
42101035302,4569,3483,76231.122783979,153,3348.65397242285,1501,32851.82753337711,1829,40030.64127817903,False,True
42101035500,7717,8063,104483.60761954128,407,5274.0702345471045,3508,45458.07956459764,4148,53751.45782039653,False,True
42101035601,5221,2821,54031.794675349556,112,2145.1829151503543,1253,23999.23386324459,1456,27887.377896954607,False,True
42101035602,3602,1557,43225.98556357579,49,1360.35535813437,620,17212.659633536925,888,24652.970571904498,False,True
42101035701,4758,4045,85014.7120638924,315,6620.428751576292,1239,26040.35308953342,2491,52353.930222782685,False,True
42101035702,4330,2636,60877.59815242494,131,3025.40415704388,917,21177.82909930716,1588,36674.3648960739,False,True
42101035800,6652,3902,58659.049909801564,236,3547.8051713770296,1411,21211.665664461816,2255,33899.57907396272,False,True
42101035900,5352,4661,87088.93871449925,240,4484.304932735426,2038,38079.22272047833,2383,44525.4110612855,False,True
42101036000,3512,6029,171668.56492027335,280,7972.665148063782,3638,103587.6993166287,2111,60108.20045558086,False,True
42101036100,3978,3784,95123.17747611865,241,6058.3207642031175,1429,35922.57415786828,2114,53142.28255404726,False,True
42101036201,5195,5034,96900.86621751684,278,5351.299326275265,1603,30856.592877767085,3153,60692.9740134745,False,True
42101036202,6171,4776,77394.26349052017,246,3986.3879436071948,1684,27288.932101766328,2846,46118.94344514665,False,True
42101036203,4827,3421,70872.17733581935,194,4019.0594572198056,1037,21483.32297493267,2190,45369.79490366687,False,True
42101036301,4351,11382,261595.03562399448,433,9951.735233279705,7427,170696.3916341071,3522,80946.90875660768,False,True
42101036302,3607,2672,74078.18131411144,183,5073.468256168561,772,21402.827834765732,1717,47601.88522317715,False,True
42101036303,6609,5284,79951.58117718263,303,4584.6572855197455,1483,22439.098199425025,3498,52927.825692237864,False,True
42101036400,999,2248,225025.025025025,73,7307.307307307307,994,99499.4994994995,1181,118218.2182182182,False,True
42101036501,4799,4382,91310.68972702646,283,5897.061887893311,1720,35840.800166701396,2379,49572.827672431755,False,True
42101036502,4341,2437,56139.138447362355,75,1727.7125086385624,1052,24234.047454503572,1310,30177.378484220226,False,True
42101036600,2132,9197,431378.9868667917,514,24108.818011257037,5192,243527.20450281425,3491,163742.96435272045,False,True
42101036700,3121,11531,369464.91509131686,663,21243.1912848446,5988,191861.58282601731,4880,156360.14098045498,False,True
42101036901,0,2236,,97,,945,,1194,,True,False
42101036902,6034,9879,163722.24063639378,341,5651.309247596951,6338,105038.1173351011,3200,53032.81405369572,False,True
42101037200,4241,5854,138033.4826691818,392,9243.10304173544,2555,60245.225182739916,2907,68545.15444470644,False,True
42101037300,5632,4895,86914.0625,234,4154.829545454546,1941,34463.77840909091,2720,48295.454545454544,False,True
42101037500,3727,3489,93614.16689026027,266,7137.10759323853,1333,35766.03166085323,1890,50711.0276361685,False,True
42101037600,3293,14920,453082.295778925,1073,32584.26966292135,5411,164318.25083510476,8436,256179.77528089887,False,True
42101037700,5100,12119,237627.45098039217,1164,22823.529411764706,5673,111235.29411764705,5282,103568.62745098039,False,True
42101037800,2352,6653,282865.6462585034,442,18792.51700680272,3402,144642.85714285713,2809,119430.27210884354,False,True
42101037900,4696,15812,336712.09540034074,858,18270.868824531517,8726,185817.71720613286,6228,132623.50936967632,False,True
42101038000,2649,5244,197961.49490373727,496,18724.046810117026,1931,72895.43223858059,2817,106342.01585503964,False,True
42101038100,961,9114,948387.0967741936,902,93860.56191467222,2360,245577.5234131113,5852,608949.01144641,False,True
42101038200,3039,24575,808654.1625534716,2132,70154.65613688713,12597,414511.3524185588,9846,323988.15399802563,False,True
42101038301,2745,6345,231147.54098360657,640,23315.11839708561,1461,53224.043715846994,4244,154608.37887067394,False,True
42101038400,2393,3573,149310.48892603428,104,4346.009193480986,1978,82657.75177601338,1491,62306.72795653991,False,True
42101038500,1793,1080,60234.244283324035,32,1784.7183491355272,638,35582.82208588957,410,22866.70384829894,False,True
42101038600,1410,1274,90354.60992907801,25,1773.049645390071,778,55177.304964539006,471,33404.255319148935,False,True
42101038700,2742,3185,116156.09044493071,185,6746.90007293946,1535,55981.035740335516,1465,53428.15463165572,False,True
42101038800,3864,3467,89725.6728778468,167,4321.946169772257,1760,45548.65424430642,1540,39855.07246376811,False,True
42101038900,3634,7789,214336.818932306,783,21546.50522839846,2091,57539.900935608144,4915,135250.4127682994,False,True
42101039001,3915,7096,181251.5964240102,837,21379.310344827587,2030,51851.85185185185,4229,108020.43422733078,False,True
42101039002,4745,15009,316311.9072708114,1227,25858.798735511064,6524,137492.09694415174,7258,152961.0115911486,False,True
42101039100,3580,6415,179189.9441340782,850,23743.016759776536,1426,39832.40223463687,4139,115614.52513966481,False,True
42101980001,0,6051,,431,,3120,,2500,,True,False
42101980002,50,6248,12496000.0,539,1078000.0,2765,5530000.0,2944,5888000.0,True,False
42101980003,0,3391,,204,,871,,2316,,True,False
42101980100,45,3110,6911111.111111111,104,231111.1111111111,1957,4348888.888888889,1049,2331111.111111111,True,False
42101980200,396,2017,509343.43434343435,167,42171.71717171717,523,132070.70707070708,1327,335101.01010101015,False,True
42101980300,0,8732,,349,,5094,,3289,,True,False
42101980400,0,4226,,39,,2446,,1741,,True,False
42101980500,0,1813,,385,,424,,1004,,True,False
42101980600,0,5594,,355,,1656,,3583,,True,False
42101980701,0,1264,,83,,667,,514,,True,False
42101980702,0,12213,,445,,8743,,3025,,True,False
42101980800,0,1955,,234,,439,,1282,,True,False
42101980901,0,14607,,743,,7632,,6232,,True,False
42101980902,0,18,,0,,7,,11,,True,False
42101980903,0,261,,10,,86,,165,,True,False
42101980904,0,217,,10,,96,,111,,True,False
42101980905,0,30,,2,,16,,12,,True,False
42101980906,0,562,,38,,270,,254,,True,False
42101989100,1631,3576,219251.99264255058,590,36174.12630288167,269,16492.94911097486,2717,166584.91722869407,False,True
42101989200,0,442,,23,,186,,233,,True,False
42101989300,123,12256,9964227.642276423,949,771544.7154471545,2276,1850406.5040650407,9031,7342276.422764228,False,True
